{"cameraMode":{"drawMode":0,"name":"Shaded","section":"Shading Mode"},"sceneLighting":true,"audioPlay":false,"sceneViewState":{"m_AlwaysRefresh":false,"showFog":true,"showSkybox":true,"showFlares":true,"showImageEffects":true,"showParticleSystems":true,"showVisualEffectGraphs":true,"m_FxEnabled":true},"in2DMode":false,"pivot":{"x":-14.746265411376954,"y":17.887346267700197,"z":44.091644287109378},"rotation":{"x":-0.1676301509141922,"y":-0.09301363676786423,"z":-0.01589650847017765,"w":0.9813130497932434},"size":30.598735809326173,"orthographic":false}